id,group_id,meta_key,meta_value
"8","3","total_member_count","16"
"9","3","last_activity","2017-06-27 19:51:36"
"10","3","invite_status","admins"
"11","3","group_extension_example_1_setting",""
"12","3","bpge","a:7:{s:8:""gpage_id"";i:776;s:19:""display_page_layout"";s:7:""profile"";s:12:""display_page"";s:7:""private"";s:17:""display_page_name"";s:6:""Extras"";s:10:""gpage_name"";s:10:""AddMembers"";s:14:""display_gpages"";s:7:""private"";s:9:""home_name"";s:4:""Home"";}"
"109","27","total_member_count","6"
"110","27","last_activity","2017-11-17 03:47:21"
"111","27","invite_status","members"
"112","27","bpge","a:1:{s:8:""gpage_id"";i:1438;}"
"129","32","total_member_count","14"
"130","32","last_activity","2017-05-12 18:28:19"
"131","32","invite_status","admins"
"132","32","bpge","a:1:{s:8:""gpage_id"";i:2112;}"
"133","33","total_member_count","14"
"134","33","last_activity","2017-11-17 03:47:23"
"135","33","invite_status","members"
"136","33","bpge","a:1:{s:8:""gpage_id"";i:2126;}"
"137","34","total_member_count","3"
"138","34","last_activity","2017-04-25 20:58:23"
"139","34","invite_status","members"
"140","34","bpge","a:1:{s:8:""gpage_id"";i:2196;}"
"141","35","total_member_count","10"
"142","35","last_activity","2017-05-12 18:28:07"
"143","35","invite_status","members"
"144","35","bpge","a:1:{s:8:""gpage_id"";i:2218;}"
"145","36","total_member_count","3"
"146","36","last_activity","2017-11-17 03:47:24"
"147","36","invite_status","members"
"148","36","bpge","a:1:{s:8:""gpage_id"";i:2287;}"
"149","37","total_member_count","3"
"150","37","last_activity","2017-04-28 18:25:10"
"151","37","invite_status","members"
"152","37","bpge","a:1:{s:8:""gpage_id"";i:2437;}"
"153","38","total_member_count","5"
"154","38","last_activity","2017-11-17 03:47:21"
"155","38","invite_status","members"
"156","38","bpge","a:1:{s:8:""gpage_id"";i:2489;}"
"157","39","total_member_count","2"
"158","39","last_activity","2017-05-25 19:41:35"
"159","39","invite_status","members"
"160","39","bpge","a:1:{s:8:""gpage_id"";i:2510;}"
"161","40","total_member_count","1"
"162","40","last_activity","2017-04-30 21:49:24"
"163","40","invite_status","members"
"164","40","bpge","a:1:{s:8:""gpage_id"";i:2547;}"
"165","41","total_member_count","3"
"166","41","last_activity","2017-11-18 21:54:16"
"167","41","invite_status","members"
"168","41","bpge","a:1:{s:8:""gpage_id"";i:2597;}"
"169","42","total_member_count","4"
"170","42","last_activity","2017-11-16 15:29:40"
"171","42","invite_status","members"
"172","42","bpge","a:1:{s:8:""gpage_id"";i:2610;}"
"55481","285","total_member_count","-1"
"55540","363","total_member_count","-1"
"55547","372","total_member_count","-1"
"55535","357","total_member_count","-1"
"55390","50","total_member_count","-1"
"55405","87","total_member_count","-1"
"55388","45","total_member_count","-1"
"55528","348","total_member_count","-1"
"55521","338","total_member_count","-1"
"55531","351","total_member_count","0"
"55525","344","total_member_count","0"
"55389","48","total_member_count","-1"
"55518","334","total_member_count","-1"
"55522","339","total_member_count","-1"
"55527","346","total_member_count","-1"
"55391","52","total_member_count","-1"
"55483","288","total_member_count","-1"
"55512","327","total_member_count","-1"
"55514","329","total_member_count","-1"
"55479","284","total_member_count","-1"
"55513","328","total_member_count","-1"
"55507","319","total_member_count","-1"
"55516","331","total_member_count","-1"
"55510","323","total_member_count","-1"
"55517","332","total_member_count","-1"
"55495","304","total_member_count","-1"
"55404","84","total_member_count","-1"
"55401","74","total_member_count","-1"
"55485","292","total_member_count","-1"
"55477","282","total_member_count","-1"
"55484","291","total_member_count","-1"
"55478","283","total_member_count","-1"
"55472","271","total_member_count","-1"
"55421","127","total_member_count","-1"
"55466","256","total_member_count","-1"
"55469","263","total_member_count","-1"
"55470","265","total_member_count","-1"
"55428","150","total_member_count","-1"
"55431","158","total_member_count","-1"
"55434","165","total_member_count","-1"
"55432","160","total_member_count","-1"
"55430","156","total_member_count","-1"
"55455","227","total_member_count","-1"
"55446","199","total_member_count","-1"
"54764","404","total_member_count","0"
"54765","408","total_member_count","0"
"54766","416","total_member_count","0"
"54769","434","total_member_count","0"
"54770","438","total_member_count","0"
"54773","485","total_member_count","0"
"54774","500","total_member_count","0"
"54775","507","total_member_count","0"
"54776","562","total_member_count","0"
"54777","564","total_member_count","0"
"54781","608","total_member_count","0"
"54782","625","total_member_count","0"
"54783","628","total_member_count","0"
"54785","635","total_member_count","-1"
"54790","640","total_member_count","-1"
"54789","639","total_member_count","-1"
"54807","657","total_member_count","-1"
"54805","655","total_member_count","-1"
"54809","659","total_member_count","-1"
"54810","660","total_member_count","-1"
"54812","662","total_member_count","-1"
"54816","666","total_member_count","-1"
"54821","671","total_member_count","-1"
"54820","670","total_member_count","-1"
"54824","674","total_member_count","-1"
"54822","672","total_member_count","-1"
"54828","678","total_member_count","-1"
"54832","682","total_member_count","-1"
"54840","690","total_member_count","-1"
"54839","689","total_member_count","-1"
"54842","692","total_member_count","-1"
"54845","695","total_member_count","-1"
"54844","694","total_member_count","-1"
"54850","700","total_member_count","-1"
"54853","703","total_member_count","-1"
"54852","702","total_member_count","-1"
"54858","708","total_member_count","-1"
"54860","710","total_member_count","-1"
"54861","711","total_member_count","-1"
"54866","716","total_member_count","-1"
"54871","721","total_member_count","-1"
"54880","730","total_member_count","-1"
"54879","729","total_member_count","-1"
"54881","731","total_member_count","-1"
"54888","738","total_member_count","-1"
"54894","744","total_member_count","-1"
"54893","743","total_member_count","-1"
"54896","746","total_member_count","-1"
"54899","749","total_member_count","-1"
"54897","747","total_member_count","-1"
"54902","752","total_member_count","-1"
"54907","757","total_member_count","-1"
"54917","767","total_member_count","-1"
"54916","766","total_member_count","-1"
"54919","769","total_member_count","-1"
"54920","770","total_member_count","-1"
"54925","775","total_member_count","-1"
"54927","777","total_member_count","-1"
"54930","780","total_member_count","-1"
"54935","785","total_member_count","-1"
"54934","784","total_member_count","-1"
"54937","787","total_member_count","-1"
"54940","790","total_member_count","-1"
"54945","795","total_member_count","-1"
"54944","794","total_member_count","-1"
"54948","798","total_member_count","-1"
"54953","803","total_member_count","-1"
"54952","802","total_member_count","-1"
"54955","805","total_member_count","-1"
"54958","808","total_member_count","-1"
"54956","806","total_member_count","-1"
"54960","858","total_member_count","0"
"54961","870","total_member_count","0"
"54963","883","total_member_count","0"
"54966","924","total_member_count","-1"
"54971","929","total_member_count","-1"
"54973","931","total_member_count","-1"
"54974","932","total_member_count","-1"
"54978","936","total_member_count","-1"
"54979","937","total_member_count","-1"
"54983","941","total_member_count","-1"
"54984","942","total_member_count","-1"
"54986","944","total_member_count","-1"
"54989","947","total_member_count","-1"
"54988","946","total_member_count","-1"
"54992","950","total_member_count","-1"
"54996","954","total_member_count","-1"
"55001","959","total_member_count","-1"
"55003","961","total_member_count","-1"
"55006","964","total_member_count","-1"
"55015","973","total_member_count","-1"
"55013","971","total_member_count","-1"
"55017","975","total_member_count","-1"
"55025","983","total_member_count","-1"
"55030","988","total_member_count","-1"
"55028","986","total_member_count","-1"
"55035","993","total_member_count","-1"
"55037","995","total_member_count","-1"
"55040","998","total_member_count","-1"
"55038","996","total_member_count","-1"
"55043","1001","total_member_count","-1"
"55050","1008","total_member_count","-1"
"55051","1009","total_member_count","-1"
"55055","1013","total_member_count","-1"
"55057","1015","total_member_count","-1"
"55059","1017","total_member_count","-1"
"55062","1020","total_member_count","-1"
"55061","1019","total_member_count","-1"
"55067","1025","total_member_count","-1"
"55066","1024","total_member_count","-1"
"55070","1028","total_member_count","-1"
"55069","1027","total_member_count","-1"
"55074","1032","total_member_count","-1"
"55075","1033","total_member_count","-1"
"55077","1035","total_member_count","-1"
"55084","1042","total_member_count","-1"
"55083","1041","total_member_count","-1"
"55087","1045","total_member_count","-1"
"55091","1049","total_member_count","-1"
"55092","1050","total_member_count","-1"
"55094","1052","total_member_count","-1"
"55096","1054","total_member_count","-1"
"55097","1055","total_member_count","-1"
"55101","1059","total_member_count","-1"
"55102","1060","total_member_count","-1"
"55104","1062","total_member_count","-1"
"55109","1067","total_member_count","-1"
"55111","1069","total_member_count","-1"
"55113","1135","total_member_count","0"
"55114","1150","total_member_count","0"
"55115","1179","total_member_count","0"
"55119","1186","total_member_count","-1"
"55118","1185","total_member_count","-1"
"55121","1188","total_member_count","-1"
"55134","1201","total_member_count","-1"
"55138","1205","total_member_count","-1"
"55140","1207","total_member_count","-1"
"55153","1220","total_member_count","-1"
"55152","1219","total_member_count","-1"
"55164","1231","total_member_count","-1"
"55165","1232","total_member_count","-1"
"55169","1236","total_member_count","-1"
"55173","1240","total_member_count","-1"
"55174","1241","total_member_count","-1"
"55176","1243","total_member_count","-1"
"55179","1246","total_member_count","-1"
"55177","1244","total_member_count","-1"
"55182","1249","total_member_count","-1"
"55180","1247","total_member_count","-1"
"55185","1252","total_member_count","-1"
"55187","1254","total_member_count","-1"
"55188","1255","total_member_count","-1"
"55190","1257","total_member_count","-1"
"55198","1265","total_member_count","-1"
"55197","1264","total_member_count","-1"
"55181","1248","total_member_count","-1"
"55203","1270","total_member_count","-1"
"55207","1274","total_member_count","-1"
"55209","1276","total_member_count","-1"
"55212","1279","total_member_count","-1"
"55211","1278","total_member_count","-1"
"55217","1284","total_member_count","-1"
"55215","1282","total_member_count","-1"
"55221","1288","total_member_count","-1"
"55223","1290","total_member_count","-1"
"55172","1239","total_member_count","-1"
"55175","1242","total_member_count","-1"
"55226","1319","total_member_count","0"
"55227","1362","total_member_count","0"
"55228","1369","total_member_count","0"
"55178","1245","total_member_count","-1"
"55230","1397","total_member_count","0"
"55231","1401","total_member_count","0"
"55232","1409","total_member_count","0"
"55237","1469","total_member_count","-1"
"55236","1468","total_member_count","-1"
"55250","1482","total_member_count","-1"
"55249","1481","total_member_count","-1"
"55262","1494","total_member_count","-1"
"55263","1495","total_member_count","-1"
"55267","1499","total_member_count","-1"
"55270","1502","total_member_count","-1"
"55269","1501","total_member_count","-1"
"55272","1504","total_member_count","-1"
"55286","1518","total_member_count","-1"
"55285","1517","total_member_count","-1"
"55289","1521","total_member_count","-1"
"55294","1526","total_member_count","-1"
"55261","1493","total_member_count","-1"
"55302","1573","total_member_count","0"
"55271","1503","total_member_count","-1"
"55304","1602","total_member_count","-1"
"55307","1605","total_member_count","-1"
"55309","1607","total_member_count","-1"
"55312","1610","total_member_count","-1"
"55314","1612","total_member_count","-1"
"55317","1615","total_member_count","-1"
"55322","1620","total_member_count","-1"
"55313","1611","total_member_count","-1"
"55328","1626","total_member_count","-1"
"55331","1629","total_member_count","-1"
"55356","1654","total_member_count","-1"
"55303","1601","total_member_count","-1"
"55360","1662","total_member_count","0"
"55308","1606","total_member_count","-1"
"55266","1498","total_member_count","-1"
"55385","1743","total_member_count","-1"
"55384","1742","total_member_count","-1"
"55383","1741","total_member_count","-1"
"55382","1740","total_member_count","-1"
"55381","1739","total_member_count","-1"
"55379","1737","total_member_count","-1"
"55380","1738","total_member_count","-1"
"55374","1732","total_member_count","-1"
"55373","1731","total_member_count","-1"
"55368","1726","total_member_count","-1"
"55365","1723","total_member_count","-1"
"55366","1724","total_member_count","-1"
"55367","1725","total_member_count","-1"
"55363","1721","total_member_count","-1"
"55364","1722","total_member_count","-1"
"55310","1608","total_member_count","-1"
"55311","1609","total_member_count","-1"
"55375","1733","total_member_count","-1"
"55376","1734","total_member_count","-1"
"55377","1735","total_member_count","-1"
"55378","1736","total_member_count","-1"
"55362","1720","total_member_count","-1"
"55369","1727","total_member_count","-1"
"55370","1728","total_member_count","-1"
"55371","1729","total_member_count","-1"
"55372","1730","total_member_count","-1"
"54892","742","total_member_count","-1"
"55386","1744","total_member_count","-1"
"55387","1745","total_member_count","-1"
"54895","745","total_member_count","-1"
"54762","377","total_member_count","0"
"55268","1500","total_member_count","-1"
"55264","1496","total_member_count","-1"
"55265","1497","total_member_count","-1"
"55305","1603","total_member_count","-1"
"55306","1604","total_member_count","-1"
"55170","1237","total_member_count","-1"
"55171","1238","total_member_count","-1"
"54957","807","total_member_count","-1"
"54918","768","total_member_count","-1"
"55290","1522","total_member_count","-1"
"55291","1523","total_member_count","-1"
"55318","1616","total_member_count","-1"
"55319","1617","total_member_count","-1"
"55076","1034","total_member_count","-1"
"55063","1021","total_member_count","-1"
"55064","1022","total_member_count","-1"
"54977","935","total_member_count","-1"
"54898","748","total_member_count","-1"
"54856","706","total_member_count","-1"
"54857","707","total_member_count","-1"
"54933","783","total_member_count","-1"
"55349","1647","total_member_count","-1"
"55205","1272","total_member_count","-1"
"55206","1273","total_member_count","-1"
"55346","1644","total_member_count","-1"
"55347","1645","total_member_count","-1"
"55348","1646","total_member_count","-1"
"54903","753","total_member_count","-1"
"54904","754","total_member_count","-1"
"55036","994","total_member_count","-1"
"55056","1014","total_member_count","-1"
"54806","656","total_member_count","-1"
"55208","1275","total_member_count","-1"
"55241","1473","total_member_count","-1"
"55242","1474","total_member_count","-1"
"54803","653","total_member_count","-1"
"54804","654","total_member_count","-1"
"55039","997","total_member_count","-1"
"55041","999","total_member_count","-1"
"55042","1000","total_member_count","-1"
"55034","992","total_member_count","-1"
"55256","1488","total_member_count","-1"
"55257","1489","total_member_count","-1"
"55258","1490","total_member_count","-1"
"54926","776","total_member_count","-1"
"54831","681","total_member_count","-1"
"54867","717","total_member_count","-1"
"54868","718","total_member_count","-1"
"54877","727","total_member_count","-1"
"54878","728","total_member_count","-1"
"54938","788","total_member_count","-1"
"54939","789","total_member_count","-1"
"54869","719","total_member_count","-1"
"54870","720","total_member_count","-1"
"55234","1433","total_member_count","0"
"54788","638","total_member_count","-1"
"54796","646","total_member_count","-1"
"54797","647","total_member_count","-1"
"55354","1652","total_member_count","-1"
"55355","1653","total_member_count","-1"
"55287","1519","total_member_count","-1"
"55288","1520","total_member_count","-1"
"55248","1480","total_member_count","-1"
"55238","1470","total_member_count","-1"
"55239","1471","total_member_count","-1"
"55240","1472","total_member_count","-1"
"55336","1634","total_member_count","-1"
"55337","1635","total_member_count","-1"
"55338","1636","total_member_count","-1"
"55216","1283","total_member_count","-1"
"55085","1043","total_member_count","-1"
"55086","1044","total_member_count","-1"
"55016","974","total_member_count","-1"
"55145","1212","total_member_count","-1"
"55146","1213","total_member_count","-1"
"54959","809","total_member_count","0"
"55191","1258","total_member_count","-1"
"55192","1259","total_member_count","-1"
"55193","1260","total_member_count","-1"
"54936","786","total_member_count","-1"
"55254","1486","total_member_count","-1"
"55255","1487","total_member_count","-1"
"54887","737","total_member_count","-1"
"55210","1277","total_member_count","-1"
"55110","1068","total_member_count","-1"
"54813","663","total_member_count","-1"
"55246","1478","total_member_count","-1"
"55247","1479","total_member_count","-1"
"54915","765","total_member_count","-1"
"54838","688","total_member_count","-1"
"55060","1018","total_member_count","-1"
"55150","1217","total_member_count","-1"
"55151","1218","total_member_count","-1"
"55154","1221","total_member_count","-1"
"54905","755","total_member_count","-1"
"54906","756","total_member_count","-1"
"54849","699","total_member_count","-1"
"54846","696","total_member_count","-1"
"54847","697","total_member_count","-1"
"54848","698","total_member_count","-1"
"54798","648","total_member_count","-1"
"54799","649","total_member_count","-1"
"54800","650","total_member_count","-1"
"54772","474","total_member_count","0"
"55235","1467","total_member_count","-1"
"54862","712","total_member_count","-1"
"54863","713","total_member_count","-1"
"54972","930","total_member_count","-1"
"55135","1202","total_member_count","-1"
"55136","1203","total_member_count","-1"
"54859","709","total_member_count","-1"
"55301","1549","total_member_count","0"
"55014","972","total_member_count","-1"
"54951","801","total_member_count","-1"
"54841","691","total_member_count","-1"
"55315","1613","total_member_count","-1"
"55316","1614","total_member_count","-1"
"55229","1373","total_member_count","0"
"54987","945","total_member_count","-1"
"54771","471","total_member_count","0"
"54967","925","total_member_count","-1"
"54968","926","total_member_count","-1"
"54969","927","total_member_count","-1"
"54999","957","total_member_count","-1"
"55000","958","total_member_count","-1"
"55137","1204","total_member_count","-1"
"55323","1621","total_member_count","-1"
"55324","1622","total_member_count","-1"
"55141","1208","total_member_count","-1"
"55142","1209","total_member_count","-1"
"55300","1532","total_member_count","0"
"55341","1639","total_member_count","-1"
"55342","1640","total_member_count","-1"
"55343","1641","total_member_count","-1"
"54836","686","total_member_count","-1"
"54837","687","total_member_count","-1"
"54982","940","total_member_count","-1"
"54964","890","total_member_count","0"
"54993","951","total_member_count","-1"
"54994","952","total_member_count","-1"
"55167","1234","total_member_count","-1"
"55168","1235","total_member_count","-1"
"55088","1046","total_member_count","-1"
"55089","1047","total_member_count","-1"
"55361","1686","total_member_count","0"
"55320","1618","total_member_count","-1"
"55321","1619","total_member_count","-1"
"55129","1196","total_member_count","-1"
"55130","1197","total_member_count","-1"
"55131","1198","total_member_count","-1"
"55132","1199","total_member_count","-1"
"55186","1253","total_member_count","-1"
"54829","679","total_member_count","-1"
"54830","680","total_member_count","-1"
"55298","1530","total_member_count","-1"
"55299","1531","total_member_count","-1"
"55350","1648","total_member_count","-1"
"55351","1649","total_member_count","-1"
"55044","1002","total_member_count","-1"
"55045","1003","total_member_count","-1"
"55026","984","total_member_count","-1"
"55027","985","total_member_count","-1"
"54819","669","total_member_count","-1"
"54843","693","total_member_count","-1"
"55218","1285","total_member_count","-1"
"55219","1286","total_member_count","-1"
"55284","1516","total_member_count","-1"
"55233","1423","total_member_count","0"
"55225","1313","total_member_count","0"
"55196","1263","total_member_count","-1"
"55018","976","total_member_count","-1"
"55019","977","total_member_count","-1"
"55090","1048","total_member_count","-1"
"54985","943","total_member_count","-1"
"55103","1061","total_member_count","-1"
"55116","1183","total_member_count","-1"
"55058","1016","total_member_count","-1"
"55095","1053","total_member_count","-1"
"54540","2311","total_member_count","-1"
"54542","2315","total_member_count","-1"
"54543","2317","total_member_count","-1"
"54544","2319","total_member_count","-1"
"54546","2322","total_member_count","-1"
"54547","2324","total_member_count","-1"
"54548","2326","total_member_count","-1"
"54552","2334","total_member_count","-1"
"54553","2336","total_member_count","-1"
"54791","641","total_member_count","-1"
"54792","642","total_member_count","-1"
"54943","793","total_member_count","-1"
"54823","673","total_member_count","-1"
"54778","568","total_member_count","-1"
"54889","739","total_member_count","-1"
"54890","740","total_member_count","-1"
"54891","741","total_member_count","-1"
"54801","651","total_member_count","-1"
"54802","652","total_member_count","-1"
"54908","758","total_member_count","-1"
"54909","759","total_member_count","-1"
"55295","1527","total_member_count","-1"
"55296","1528","total_member_count","-1"
"55297","1529","total_member_count","-1"
"55325","1623","total_member_count","-1"
"55326","1624","total_member_count","-1"
"55220","1287","total_member_count","-1"
"55093","1051","total_member_count","-1"
"55120","1187","total_member_count","-1"
"55002","960","total_member_count","-1"
"54995","953","total_member_count","-1"
"55073","1031","total_member_count","-1"
"55127","1194","total_member_count","-1"
"55128","1195","total_member_count","-1"
"55100","1058","total_member_count","-1"
"55139","1206","total_member_count","-1"
"54970","928","total_member_count","-1"
"55068","1026","total_member_count","-1"
"55112","1119","total_member_count","0"
"55108","1066","total_member_count","-1"
"55082","1040","total_member_count","-1"
"54990","948","total_member_count","-1"
"54991","949","total_member_count","-1"
"54555","2347","total_member_count","-1"
"54556","2348","total_member_count","-1"
"54558","2352","total_member_count","-1"
"54559","2353","total_member_count","-1"
"54560","2354","total_member_count","-1"
"54562","2357","total_member_count","-1"
"54565","2362","total_member_count","-1"
"54564","2361","total_member_count","-1"
"54567","2366","total_member_count","-1"
"54568","2368","total_member_count","-1"
"54569","2370","total_member_count","-1"
"54900","750","total_member_count","-1"
"54901","751","total_member_count","-1"
"55273","1505","total_member_count","-1"
"55274","1506","total_member_count","-1"
"55275","1507","total_member_count","-1"
"54854","704","total_member_count","-1"
"54855","705","total_member_count","-1"
"55204","1271","total_member_count","-1"
"54941","791","total_member_count","-1"
"54942","792","total_member_count","-1"
"54575","2385","total_member_count","-1"
"54577","2389","total_member_count","-1"
"54578","2391","total_member_count","-1"
"54580","2395","total_member_count","-1"
"54581","2397","total_member_count","-1"
"54586","2406","total_member_count","-1"
"54579","2393","total_member_count","-1"
"54590","2413","total_member_count","-1"
"54576","2387","total_member_count","-1"
"54594","2439","total_member_count","0"
"54793","643","total_member_count","-1"
"54794","644","total_member_count","-1"
"54795","645","total_member_count","-1"
"54596","2451","total_member_count","0"
"54864","714","total_member_count","-1"
"54865","715","total_member_count","-1"
"54603","2512","total_member_count","0"
"55281","1513","total_member_count","-1"
"55282","1514","total_member_count","-1"
"55283","1515","total_member_count","-1"
"54605","2520","total_member_count","0"
"54786","636","total_member_count","-1"
"54787","637","total_member_count","-1"
"55029","987","total_member_count","-1"
"54851","701","total_member_count","-1"
"54767","425","total_member_count","0"
"55098","1056","total_member_count","-1"
"55099","1057","total_member_count","-1"
"55023","981","total_member_count","-1"
"55024","982","total_member_count","-1"
"55125","1192","total_member_count","-1"
"55126","1193","total_member_count","-1"
"54611","2572","total_member_count","0"
"54613","2583","total_member_count","0"
"54616","2607","total_member_count","0"
"54784","634","total_member_count","-1"
"54910","760","total_member_count","-1"
"54911","761","total_member_count","-1"
"54912","762","total_member_count","-1"
"54625","2695","total_member_count","0"
"54628","2715","total_member_count","0"
"54634","2765","total_member_count","0"
"54763","380","total_member_count","0"
"55160","1227","total_member_count","-1"
"55161","1228","total_member_count","-1"
"55329","1627","total_member_count","-1"
"55330","1628","total_member_count","-1"
"54965","923","total_member_count","-1"
"54954","804","total_member_count","-1"
"55292","1524","total_member_count","-1"
"55293","1525","total_member_count","-1"
"55117","1184","total_member_count","-1"
"54928","778","total_member_count","-1"
"54929","779","total_member_count","-1"
"54653","2982","total_member_count","0"
"54661","3100","total_member_count","0"
"54662","3122","total_member_count","0"
"54946","796","total_member_count","-1"
"54947","797","total_member_count","-1"
"54669","3229","total_member_count","0"
"54872","722","total_member_count","-1"
"54873","723","total_member_count","-1"
"54949","799","total_member_count","-1"
"54950","800","total_member_count","-1"
"54931","781","total_member_count","-1"
"54932","782","total_member_count","-1"
"54688","3557","total_member_count","0"
"54808","658","total_member_count","-1"
"54698","3692","total_member_count","0"
"54923","773","total_member_count","-1"
"54924","774","total_member_count","-1"
"55344","1642","total_member_count","-1"
"55345","1643","total_member_count","-1"
"54884","734","total_member_count","-1"
"54885","735","total_member_count","-1"
"54886","736","total_member_count","-1"
"54882","732","total_member_count","-1"
"54883","733","total_member_count","-1"
"54826","676","total_member_count","-1"
"54827","677","total_member_count","-1"
"54716","3994","total_member_count","0"
"55213","1280","total_member_count","-1"
"55214","1281","total_member_count","-1"
"54835","685","total_member_count","-1"
"54719","4040","total_member_count","0"
"54720","4045","total_member_count","0"
"54721","4049","total_member_count","-1"
"54724","4071","total_member_count","0"
"54732","4146","total_member_count","0"
"54921","771","total_member_count","-1"
"54922","772","total_member_count","-1"
"54737","4196","total_member_count","0"
"54913","763","total_member_count","-1"
"54914","764","total_member_count","-1"
"54741","4226","total_member_count","0"
"54743","4264","total_member_count","0"
"54678","3408","total_member_count","0"
"55189","1256","total_member_count","-1"
"54997","955","total_member_count","-1"
"54998","956","total_member_count","-1"
"55352","1650","total_member_count","-1"
"55353","1651","total_member_count","-1"
"55339","1637","total_member_count","-1"
"55340","1638","total_member_count","-1"
"55334","1632","total_member_count","-1"
"55335","1633","total_member_count","-1"
"54980","938","total_member_count","-1"
"54981","939","total_member_count","-1"
"54780","578","total_member_count","0"
"55194","1261","total_member_count","-1"
"55195","1262","total_member_count","-1"
"54817","667","total_member_count","-1"
"54818","668","total_member_count","-1"
"54825","675","total_member_count","-1"
"55357","1655","total_member_count","-1"
"55358","1656","total_member_count","-1"
"54874","724","total_member_count","-1"
"54875","725","total_member_count","-1"
"54876","726","total_member_count","-1"
"55133","1200","total_member_count","-1"
"54674","3315","total_member_count","0"
"54646","2906","total_member_count","0"
"54554","2345","total_member_count","-1"
"54814","664","total_member_count","-1"
"54815","665","total_member_count","-1"
"54660","3096","total_member_count","0"
"54541","2313","total_member_count","-1"
"55020","978","total_member_count","-1"
"55021","979","total_member_count","-1"
"55022","980","total_member_count","-1"
"55222","1289","total_member_count","-1"
"54561","2356","total_member_count","-1"
"54623","2679","total_member_count","-1"
"54729","4119","total_member_count","0"
"55332","1630","total_member_count","-1"
"55333","1631","total_member_count","-1"
"55105","1063","total_member_count","-1"
"55106","1064","total_member_count","-1"
"55107","1065","total_member_count","-1"
"54761","4527","total_member_count","0"
"54702","3740","total_member_count","-1"
"54710","3861","total_member_count","0"
"54665","3187","total_member_count","0"
"54740","4213","total_member_count","0"
"54597","2458","total_member_count","-1"
"54695","3646","total_member_count","0"
"54693","3620","total_member_count","0"
"54606","2531","total_member_count","0"
"55155","1222","total_member_count","-1"
"55156","1223","total_member_count","-1"
"55157","1224","total_member_count","-1"
"54757","4488","total_member_count","0"
"54670","3236","total_member_count","0"
"55004","962","total_member_count","-1"
"55005","963","total_member_count","-1"
"54744","4277","total_member_count","-1"
"54574","2383","total_member_count","-1"
"55243","1475","total_member_count","-1"
"55244","1476","total_member_count","-1"
"55245","1477","total_member_count","-1"
"54654","2991","total_member_count","-1"
"54673","3283","total_member_count","0"
"54779","573","total_member_count","-1"
"55199","1266","total_member_count","-1"
"55200","1267","total_member_count","-1"
"55259","1491","total_member_count","-1"
"55260","1492","total_member_count","-1"
"54549","2328","total_member_count","-1"
"54550","2330","total_member_count","-1"
"54551","2332","total_member_count","-1"
"55031","989","total_member_count","-1"
"55032","990","total_member_count","-1"
"55033","991","total_member_count","-1"
"54573","2381","total_member_count","-1"
"55359","1657","total_member_count","-1"
"55327","1625","total_member_count","-1"
"54745","4292","total_member_count","0"
"54599","2484","total_member_count","0"
"54667","3206","total_member_count","-1"
"54557","2350","total_member_count","-1"
"55251","1483","total_member_count","-1"
"55252","1484","total_member_count","-1"
"55253","1485","total_member_count","-1"
"54566","2364","total_member_count","-1"
"55078","1036","total_member_count","-1"
"55079","1037","total_member_count","-1"
"54739","4208","total_member_count","0"
"54585","2404","total_member_count","-1"
"54545","2320","total_member_count","-1"
"55224","1299","total_member_count","-1"
"55048","1006","total_member_count","-1"
"55049","1007","total_member_count","-1"
"54630","2738","total_member_count","0"
"54664","3177","total_member_count","-1"
"54666","3195","total_member_count","-1"
"54657","3053","total_member_count","0"
"54652","2975","total_member_count","0"
"55147","1214","total_member_count","-1"
"55148","1215","total_member_count","-1"
"55149","1216","total_member_count","-1"
"54811","661","total_member_count","-1"
"54648","2932","total_member_count","0"
"55046","1004","total_member_count","-1"
"55047","1005","total_member_count","-1"
"54570","2371","total_member_count","-1"
"54571","2373","total_member_count","-1"
"54640","2834","total_member_count","0"
"54582","2399","total_member_count","-1"
"54583","2401","total_member_count","-1"
"54584","2402","total_member_count","-1"
"54592","2419","total_member_count","0"
"54593","2432","total_member_count","-1"
"55065","1023","total_member_count","-1"
"54833","683","total_member_count","-1"
"54834","684","total_member_count","-1"
"54768","431","total_member_count","0"
"54650","2961","total_member_count","-1"
"54617","2612","total_member_count","0"
"55011","969","total_member_count","-1"
"55012","970","total_member_count","-1"
"55183","1250","total_member_count","-1"
"55184","1251","total_member_count","-1"
"55201","1268","total_member_count","-1"
"55202","1269","total_member_count","-1"
"54676","3392","total_member_count","-1"
"54726","4095","total_member_count","0"
"54975","933","total_member_count","-1"
"54976","934","total_member_count","-1"
"55276","1508","total_member_count","-1"
"55277","1509","total_member_count","-1"
"54748","4334","total_member_count","0"
"55278","1510","total_member_count","-1"
"55279","1511","total_member_count","-1"
"55280","1512","total_member_count","-1"
"54563","2359","total_member_count","-1"
"55158","1225","total_member_count","-1"
"55159","1226","total_member_count","-1"
"54656","3041","total_member_count","-1"
"54758","4496","total_member_count","0"
"55009","967","total_member_count","-1"
"55010","968","total_member_count","-1"
"55052","1010","total_member_count","-1"
"55053","1011","total_member_count","-1"
"55054","1012","total_member_count","-1"
"54615","2598","total_member_count","0"
"55071","1029","total_member_count","-1"
"55072","1030","total_member_count","-1"
"54587","2408","total_member_count","-1"
"54588","2410","total_member_count","-1"
"54589","2411","total_member_count","-1"
"55162","1229","total_member_count","-1"
"55163","1230","total_member_count","-1"
"55166","1233","total_member_count","-1"
"54624","2682","total_member_count","0"
"54636","2791","total_member_count","0"
"54706","3807","total_member_count","0"
"54753","4434","total_member_count","-1"
"54609","2556","total_member_count","0"
"54591","2415","total_member_count","-1"
"55007","965","total_member_count","-1"
"55008","966","total_member_count","-1"
"55122","1189","total_member_count","-1"
"55123","1190","total_member_count","-1"
"55124","1191","total_member_count","-1"
"55143","1210","total_member_count","-1"
"55144","1211","total_member_count","-1"
"55080","1038","total_member_count","-1"
"55081","1039","total_member_count","-1"